date,total_sales,average_sales,total_onpromotion,positive_sales_series
2013-01-01,2511.619,1.4094383,0,17
2013-01-02,496092.4,278.3908,0,864
2013-01-03,361461.22,202.8402,0,851
2013-01-04,354459.7,198.91116,0,859
2013-01-05,477350.12,267.87326,0,877
2013-01-06,519695.4,291.63602,0,830
2013-01-07,336122.8,188.62111,0,849
2013-01-08,318347.78,178.64635,0,854
2013-01-09,302530.8,169.77037,0,856
2013-01-10,258982.0,145.33221,0,858
2013-01-11,289737.7,162.5913,0,850
2013-01-12,403258.22,226.2953,0,873
2013-01-13,464638.56,260.73993,0,831
2013-01-14,293348.38,164.6175,0,841
2013-01-15,299129.56,167.86171,0,855
2013-01-16,318347.9,178.64641,0,838
2013-01-17,267498.53,150.1114,0,855
2013-01-18,296130.84,166.17892,0,855
2013-01-19,432459.84,242.6823,0,871
2013-01-20,461092.38,258.74994,0,826
2013-01-21,311211.28,174.64157,0,839
2013-01-22,296214.72,166.226,0,843
2013-01-23,283258.47,158.95537,0,843
2013-01-24,247245.69,138.74617,0,840
2013-01-25,290022.78,162.75128,0,846
2013-01-26,413799.78,232.21088,0,867
2013-01-27,430412.0,241.53311,0,812
2013-01-28,285460.16,160.19089,0,839
2013-01-29,264488.8,148.42245,0,848
2013-01-30,281061.12,157.72229,0,846
2013-01-31,271254.22,152.21898,0,849
2013-02-01,369402.06,207.29633,0,867
2013-02-02,518887.47,291.18265,0,873
2013-02-03,486336.8,272.9163,0,828
2013-02-04,344308.72,193.21477,0,865
2013-02-05,321245.84,180.27264,0,846
2013-02-06,321538.2,180.43669,0,845
2013-02-07,290807.53,163.19165,0,848
2013-02-08,347441.78,194.97295,0,855
2013-02-09,416176.28,233.5445,0,869
2013-02-10,300951.34,168.88403,0,861
2013-02-11,278627.6,156.35667,0,850
2013-02-12,308800.78,173.28888,0,860
2013-02-13,319597.94,179.34789,0,856
2013-02-14,308164.03,172.93155,0,851
2013-02-15,320168.88,179.66827,0,842
2013-02-16,485660.5,272.53674,0,822
2013-02-17,399588.9,224.2362,0,814
2013-02-18,350745.56,196.82692,0,853
2013-02-19,293637.8,164.77992,0,855
2013-02-20,313803.16,176.09605,0,859
2013-02-21,267711.1,150.2307,0,846
2013-02-22,285679.88,160.31418,0,849
2013-02-23,412897.34,231.70445,0,862
2013-02-24,452726.12,254.05507,0,824
2013-02-25,307110.88,172.34056,0,851
2013-02-26,270425.0,151.75365,0,848
2013-02-27,288402.0,161.84175,0,851
2013-02-28,278116.28,156.06975,0,858
2013-03-01,378898.16,212.62523,0,875
2013-03-02,547857.2,307.4395,0,884
2013-03-03,559820.56,314.15295,0,836
2013-03-04,383647.7,215.29051,0,864
2013-03-05,332190.0,186.41414,0,872
2013-03-06,335726.6,188.39876,0,876
2013-03-07,293099.53,164.47784,0,853
2013-03-08,316600.7,177.66592,0,865
2013-03-09,453259.5,254.35437,0,893
2013-03-10,461859.75,259.18054,0,838
2013-03-11,318379.12,178.66393,0,856
2013-03-12,271823.38,152.53838,0,865
2013-03-13,287869.66,161.54301,0,857
2013-03-14,247541.42,138.91214,0,861
2013-03-15,315878.1,177.26044,0,866
2013-03-16,482233.44,270.6136,0,907
2013-03-17,513439.6,288.1255,0,869
2013-03-18,330283.8,185.34445,0,879
2013-03-19,294020.25,164.99452,0,878
2013-03-20,321207.0,180.25084,0,892
2013-03-21,269130.12,151.02701,0,879
2013-03-22,304100.47,170.65121,0,891
2013-03-23,453192.0,254.3165,0,915
2013-03-24,449794.62,252.41,0,864
2013-03-25,317559.62,178.20406,0,880
2013-03-26,275818.25,154.78017,0,887
2013-03-27,313691.16,176.0332,0,880
2013-03-28,339293.28,190.40027,0,895
2013-03-29,345513.12,193.89064,0,898
2013-03-30,452661.34,254.0187,0,908
2013-03-31,462107.62,259.31964,0,870
2013-04-01,428816.44,240.63773,0,887
2013-04-02,377732.8,211.97127,0,904
2013-04-03,373731.06,209.72563,0,900
2013-04-04,308738.38,173.25386,0,881
2013-04-05,336394.78,188.77373,0,887
2013-04-06,509424.22,285.87216,0,909
2013-04-07,519048.38,291.27295,0,861
2013-04-08,346649.8,194.52852,0,888
2013-04-09,306335.8,171.90562,0,893
2013-04-10,312846.38,175.55913,0,886
2013-04-11,303223.4,170.15904,0,878
2013-04-12,314394.97,176.42815,0,895
2013-04-13,453442.5,254.45708,0,913
2013-04-14,478417.16,268.47202,0,866
2013-04-15,338712.47,190.07434,0,891
2013-04-16,333431.88,187.11104,0,882
2013-04-17,334990.53,187.9857,0,887
2013-04-18,281924.5,158.20679,0,880
2013-04-19,311588.72,174.85338,0,888
2013-04-20,459884.84,258.0723,0,912
2013-04-21,485721.03,272.57074,0,863
2013-04-22,328886.3,184.56023,0,882
2013-04-23,302097.84,169.5274,0,887
2013-04-24,310555.2,174.27339,0,879
2013-04-25,268790.62,150.83649,0,871
2013-04-26,304413.56,170.82692,0,882
2013-04-27,446665.34,250.65395,0,897
2013-04-28,477623.47,268.02664,0,859
2013-04-29,328795.88,184.50948,0,894
2013-04-30,310186.47,174.06648,0,900
2013-05-01,507974.62,285.05872,0,913
2013-05-02,348709.47,195.68433,0,890
2013-05-03,374291.25,210.03998,0,894
2013-05-04,520339.53,291.9975,0,911
2013-05-05,580268.56,325.6277,0,868
2013-05-06,369869.38,207.55858,0,893
2013-05-07,317292.97,178.05441,0,883
2013-05-08,332477.4,186.57542,0,882
2013-05-09,305868.06,171.64313,0,904
2013-05-10,335937.44,188.51707,0,903
2013-05-11,512090.6,287.36847,0,939
2013-05-12,387860.5,217.6546,0,867
2013-05-13,350598.06,196.74414,0,903
2013-05-14,308469.3,173.10287,0,905
2013-05-15,329113.56,184.68774,0,900
2013-05-16,307556.94,172.59088,0,894
2013-05-17,330004.25,185.18758,0,898
2013-05-18,480969.56,269.90436,0,928
2013-05-19,518153.56,290.7708,0,888
2013-05-20,341787.22,191.79979,0,900
2013-05-21,307178.4,172.37845,0,894
2013-05-22,301785.47,169.35211,0,913
2013-05-23,289261.06,162.32382,0,908
2013-05-24,398389.25,223.56299,0,920
2013-05-25,417930.16,234.5287,0,926
2013-05-26,450631.4,252.87958,0,878
2013-05-27,321630.84,180.4887,0,882
2013-05-28,307329.16,172.46304,0,897
2013-05-29,309333.38,173.58775,0,891
2013-05-30,304344.84,170.78835,0,905
2013-05-31,330257.84,185.32988,0,906
2013-06-01,566901.8,318.1267,0,918
2013-06-02,637698.5,357.8555,0,884
2013-06-03,426332.1,239.2436,0,911
2013-06-04,369705.16,207.46642,0,909
2013-06-05,361791.1,203.0253,0,915
2013-06-06,317496.75,178.16878,0,911
2013-06-07,357673.1,200.71442,0,904
2013-06-08,466292.7,261.66818,0,925
2013-06-09,526804.75,295.62555,0,890
2013-06-10,349754.28,196.27065,0,904
2013-06-11,283858.22,159.29193,0,893
2013-06-12,320173.56,179.67091,0,910
2013-06-13,282886.9,158.74686,0,899
2013-06-14,326956.75,183.47742,0,908
2013-06-15,505950.66,283.9229,0,931
2013-06-16,435894.1,244.60948,0,874
2013-06-17,370944.28,208.16177,0,889
2013-06-18,320885.34,180.07034,0,903
2013-06-19,319235.25,179.14436,0,902
2013-06-20,293877.94,164.91467,0,900
2013-06-21,319722.7,179.4179,0,888
2013-06-22,446347.3,250.47548,0,933
2013-06-23,504964.84,283.36972,0,877
2013-06-24,336631.97,188.90683,0,908
2013-06-25,305119.53,171.22308,0,886
2013-06-26,301847.25,169.38678,0,895
2013-06-27,266525.47,149.56535,0,894
2013-06-28,324210.97,181.93657,0,900
2013-06-29,509379.1,285.84686,0,925
2013-06-30,533481.7,299.37244,0,878
2013-07-01,441758.38,247.90033,0,908
2013-07-02,390958.38,219.39302,0,899
2013-07-03,374551.9,210.18625,0,898
2013-07-04,327020.2,183.51302,0,898
2013-07-05,351401.5,197.195,0,900
2013-07-06,479514.5,269.08783,0,932
2013-07-07,500606.06,280.9237,0,875
2013-07-08,365453.0,205.08025,0,877
2013-07-09,317279.16,178.04666,0,874
2013-07-10,314134.88,176.2822,0,884
2013-07-11,281750.94,158.10939,0,875
2013-07-12,308786.44,173.28082,0,876
2013-07-13,432569.1,242.7436,0,896
2013-07-14,438722.4,246.19664,0,840
2013-07-15,348803.03,195.73683,0,863
2013-07-16,335516.22,188.2807,0,873
2013-07-17,324313.8,181.99428,0,875
2013-07-18,287074.88,161.09702,0,875
2013-07-19,313332.56,175.83197,0,874
2013-07-20,435497.72,244.38705,0,898
2013-07-21,437952.62,245.76466,0,853
2013-07-22,342802.3,192.36943,0,871
2013-07-23,316257.47,177.47333,0,870
2013-07-24,309243.78,173.53748,0,867
2013-07-25,298074.22,167.26949,0,878
2013-07-26,318745.7,178.86963,0,873
2013-07-27,423890.5,237.87346,0,887
2013-07-28,433358.66,243.18668,0,849
2013-07-29,331493.28,186.02316,0,874
2013-07-30,318554.0,178.76207,0,864
2013-07-31,357982.97,200.8883,0,896
2013-08-01,397555.3,223.09502,0,903
2013-08-02,393831.12,221.00513,0,897
2013-08-03,516956.84,290.09924,0,911
2013-08-04,514267.28,288.58994,0,866
2013-08-05,407033.8,228.41403,0,891
2013-08-06,357263.84,200.48476,0,889
2013-08-07,351302.12,197.13924,0,890
2013-08-08,310953.03,174.49664,0,891
2013-08-09,337521.66,189.4061,0,887
2013-08-10,434184.94,243.65036,0,914
2013-08-11,434720.3,243.95079,0,872
2013-08-12,349539.22,196.14995,0,895
2013-08-13,317103.34,177.948,0,892
2013-08-14,324377.38,182.02995,0,894
2013-08-15,311043.16,174.54723,0,893
2013-08-16,364487.3,204.53833,0,901
2013-08-17,448835.3,251.87167,0,923
2013-08-18,464053.78,260.41177,0,861
2013-08-19,362085.53,203.19054,0,892
2013-08-20,343046.12,192.50624,0,894
2013-08-21,335724.66,188.39767,0,898
2013-08-22,306473.25,171.98274,0,886
2013-08-23,331906.38,186.25497,0,899
2013-08-24,420576.16,236.01355,0,916
2013-08-25,443694.1,248.98659,0,865
2013-08-26,347159.66,194.81462,0,886
2013-08-27,319688.22,179.39854,0,883
2013-08-28,319322.06,179.19307,0,885
2013-08-29,294518.7,165.27423,0,890
2013-08-30,354932.94,199.17673,0,888
2013-08-31,523631.38,293.84476,0,920
2013-09-01,640406.25,359.375,0,867
2013-09-02,458792.97,257.45956,0,887
2013-09-03,397680.4,223.1652,0,907
2013-09-04,392565.5,220.29489,0,900
2013-09-05,330622.78,185.53467,0,895
2013-09-06,335442.25,188.2392,0,893
2013-09-07,518584.25,291.01248,0,924
2013-09-08,560852.0,314.73175,0,863
2013-09-09,377151.72,211.64519,0,887
2013-09-10,308074.47,172.8813,0,882
2013-09-11,323124.62,181.32695,0,894
2013-09-12,282855.72,158.72935,0,875
2013-09-13,319556.94,179.32487,0,893
2013-09-14,476364.0,267.31985,0,922
2013-09-15,532852.94,299.0196,0,867
2013-09-16,373229.84,209.44435,0,898
2013-09-17,327282.94,183.66046,0,876
2013-09-18,315687.72,177.1536,0,886
2013-09-19,279580.38,156.89134,0,877
2013-09-20,331846.9,186.2216,0,891
2013-09-21,468298.38,262.7937,0,912
2013-09-22,502068.7,281.7445,0,869
2013-09-23,356043.03,199.79968,0,894
2013-09-24,303333.4,170.22076,0,891
2013-09-25,312490.1,175.3592,0,893
2013-09-26,273057.88,153.23112,0,891
2013-09-27,320246.56,179.71187,0,898
2013-09-28,484903.7,272.11206,0,918
2013-09-29,522868.44,293.41663,0,875
2013-09-30,367068.44,205.98677,0,894
2013-10-01,436441.03,244.9164,0,908
2013-10-02,414455.66,232.57893,0,901
2013-10-03,348933.25,195.8099,0,901
2013-10-04,378109.97,212.18292,0,903
2013-10-05,540156.6,303.1182,0,912
2013-10-06,553031.44,310.3431,0,878
2013-10-07,373387.1,209.5326,0,878
2013-10-08,326726.72,183.34833,0,883
2013-10-09,322529.4,180.99294,0,887
2013-10-10,305047.1,171.18243,0,890
2013-10-11,402913.84,226.10205,0,910
2013-10-12,426379.7,239.27031,0,911
2013-10-13,481781.25,270.35986,0,863
2013-10-14,342694.72,192.30905,0,885
2013-10-15,305242.56,171.29213,0,885
2013-10-16,355696.97,199.60548,0,898
2013-10-17,312949.4,175.61694,0,888
2013-10-18,323327.88,181.44101,0,895
2013-10-19,488245.56,273.9874,0,920
2013-10-20,537713.5,301.7472,0,873
2013-10-21,348721.3,195.69098,0,890
2013-10-22,301641.78,169.27148,0,890
2013-10-23,323105.12,181.31601,0,881
2013-10-24,276059.1,154.91531,0,878
2013-10-25,317570.44,178.21013,0,893
2013-10-26,452902.38,254.15398,0,913
2013-10-27,512891.5,287.8179,0,860
2013-10-28,346941.9,194.69243,0,875
2013-10-29,302333.0,169.65938,0,878
2013-10-30,319494.72,179.28996,0,889
2013-10-31,298195.44,167.33751,0,895
2013-11-01,403637.22,226.50798,0,916
2013-11-02,540615.56,303.37573,0,931
2013-11-03,602796.56,338.26968,0,877
2013-11-04,424314.16,238.1112,0,890
2013-11-05,393322.2,220.71953,0,894
2013-11-06,386426.97,216.85014,0,899
2013-11-07,346293.34,194.32848,0,897
2013-11-08,358473.97,201.16385,0,909
2013-11-09,513850.3,288.35596,0,915
2013-11-10,587666.5,329.77917,0,891
2013-11-11,374087.9,209.92587,0,889
2013-11-12,373277.75,209.47124,0,881
2013-11-13,332279.25,186.46422,0,897
2013-11-14,284567.4,159.6899,0,894
2013-11-15,349383.28,196.06245,0,889
2013-11-16,524065.6,294.08844,0,927
2013-11-17,579209.25,325.03326,0,874
2013-11-18,391945.56,219.947,0,890
2013-11-19,329455.28,184.8795,0,893
2013-11-20,354337.72,198.84271,0,897
2013-11-21,298047.06,167.25424,0,884
2013-11-22,340734.22,191.20888,0,897
2013-11-23,485544.3,272.47156,0,922
2013-11-24,550925.3,309.16122,0,882
2013-11-25,365965.5,205.36784,0,896
2013-11-26,323292.84,181.42136,0,892
2013-11-27,337083.28,189.1601,0,895
2013-11-28,305982.97,171.70761,0,900
2013-11-29,357000.4,200.33693,0,911
2013-11-30,541977.7,304.1401,0,935
2013-12-01,698217.1,391.81656,0,879
2013-12-02,495488.38,278.05185,0,906
2013-12-03,424438.03,238.18071,0,911
2013-12-04,424147.03,238.01741,0,905
2013-12-05,386406.8,216.83884,0,907
2013-12-06,432661.75,242.7956,0,907
2013-12-07,537181.3,301.44855,0,932
2013-12-08,588855.9,330.44662,0,873
2013-12-09,442309.3,248.20949,0,902
2013-12-10,414421.7,232.55988,0,889
2013-12-11,422957.2,237.34972,0,891
2013-12-12,384256.1,215.63193,0,895
2013-12-13,434657.0,243.91527,0,893
2013-12-14,554911.94,311.3984,0,924
2013-12-15,642015.75,360.2782,0,875
2013-12-16,516060.28,289.59613,0,904
2013-12-17,480470.72,269.62442,0,907
2013-12-18,527481.3,296.00522,0,905
2013-12-19,507461.03,284.7705,0,908
2013-12-20,544104.25,305.33347,0,907
2013-12-21,685673.06,384.77725,0,917
2013-12-22,696295.1,390.738,0,882
2013-12-23,792865.3,444.93002,0,930
2013-12-24,620663.3,348.2959,0,906
2013-12-26,470731.16,264.1589,0,928
2013-12-27,479314.97,268.97586,0,918
2013-12-28,556952.3,312.5434,0,926
2013-12-29,499719.5,280.4262,0,872
2013-12-30,635134.75,356.4168,0,934
2013-12-31,507264.66,284.6603,0,912
2014-01-01,8602.065,4.827197,0,50
2014-01-02,801011.25,449.50125,0,1274
2014-01-03,680672.9,381.9713,0,1249
2014-01-04,936628.9,525.6054,0,1299
2014-01-05,949618.8,532.89496,0,1236
2014-01-06,602268.56,337.9734,0,1269
2014-01-07,563450.6,316.19003,0,1265
2014-01-08,636176.9,357.00162,0,1258
2014-01-09,496377.94,278.55103,0,1250
2014-01-10,543055.3,304.74484,0,1243
2014-01-11,787321.44,441.819,0,1296
2014-01-12,844633.6,473.9807,0,1241
2014-01-13,555547.0,311.75476,0,1263
2014-01-14,502643.1,282.06683,0,1252
2014-01-15,567067.5,318.2197,0,1263
2014-01-16,502789.22,282.14883,0,1257
2014-01-17,542937.94,304.679,0,1246
2014-01-18,786779.9,441.51508,0,1280
2014-01-19,851735.3,477.96594,0,1238
2014-01-20,575850.06,323.1482,0,1261
2014-01-21,538817.2,302.36655,0,1259
2014-01-22,553097.6,310.38025,0,1256
2014-01-23,460789.03,258.5797,0,1252
2014-01-24,526124.56,295.24387,0,1275
2014-01-25,733881.0,411.82996,0,1305
2014-01-26,814057.75,456.82254,0,1260
2014-01-27,540798.8,303.47858,0,1285
2014-01-28,481593.44,270.25446,0,1287
2014-01-29,512854.0,287.79684,0,1256
2014-01-30,453642.97,254.56956,0,1265
2014-01-31,560816.2,314.71167,0,1283
2014-02-01,648870.2,364.1247,0,939
2014-02-02,619805.56,347.81458,0,900
2014-02-03,461637.53,259.05585,0,915
2014-02-04,403189.6,226.25679,0,919
2014-02-05,399138.3,223.98334,0,909
2014-02-06,359139.1,201.5371,0,909
2014-02-07,389471.56,218.55867,0,909
2014-02-08,530128.06,297.4905,0,930
2014-02-09,520753.75,292.22995,0,871
2014-02-10,396622.75,222.57169,0,908
2014-02-11,358382.72,201.11264,0,900
2014-02-12,387758.4,217.5973,0,906
2014-02-13,347373.3,194.93452,0,895
2014-02-14,361206.4,202.6972,0,899
2014-02-15,538893.4,302.4093,0,934
2014-02-16,595300.25,334.063,0,879
2014-02-17,412029.28,231.21733,0,908
2014-02-18,365331.25,205.01193,0,910
2014-02-19,360161.62,202.1109,0,908
2014-02-20,322451.9,180.94945,0,904
2014-02-21,369403.66,207.29723,0,862
2014-02-22,538206.06,302.0236,0,882
2014-02-23,487896.47,273.7915,0,871
2014-02-24,404224.2,226.83737,0,899
2014-02-25,351418.12,197.20433,0,898
2014-02-26,353604.28,198.43114,0,893
2014-02-27,330330.2,185.37047,0,905
2014-02-28,425624.78,238.84668,0,910
2014-03-01,911360.25,511.4255,0,1325
2014-03-02,667413.06,374.53033,0,1293
2014-03-03,613973.0,344.54153,0,1279
2014-03-04,748930.9,420.27545,0,1247
2014-03-05,741756.44,416.2494,0,1278
2014-03-06,614082.44,344.60294,0,1268
2014-03-07,598242.3,335.714,0,1274
2014-03-08,753345.25,422.75266,0,1294
2014-03-09,916117.6,514.0952,0,1239
2014-03-10,587414.8,329.63794,0,1273
2014-03-11,539365.4,302.67416,0,1270
2014-03-12,575676.8,323.05096,0,1278
2014-03-13,473298.03,265.59933,0,1269
2014-03-14,530515.25,297.70776,0,1269
2014-03-15,731049.8,410.2412,0,1302
2014-03-16,929808.5,521.7781,0,1261
2014-03-17,612719.5,343.8381,0,1275
2014-03-18,537427.9,301.5869,0,1270
2014-03-19,585974.7,328.8298,0,1268
2014-03-20,500897.12,281.08704,0,1281
2014-03-21,548811.5,307.97504,0,1274
2014-03-22,771704.94,433.0555,0,1302
2014-03-23,838814.6,470.71527,0,1250
2014-03-24,571762.06,320.85413,0,1262
2014-03-25,539861.6,302.95264,0,1282
2014-03-26,569680.56,319.68607,0,1274
2014-03-27,468581.4,262.9525,0,1275
2014-03-28,538905.8,302.4163,0,1273
2014-03-29,822333.1,461.4664,0,1300
2014-03-30,873958.8,490.43704,0,1252
2014-03-31,651800.5,365.76907,0,1285
2014-04-01,485079.88,272.21094,8,896
2014-04-02,463917.3,260.3352,4,900
2014-04-03,388867.97,218.21996,120,901
2014-04-04,422578.75,237.13734,5,889
2014-04-05,617680.2,346.6219,7,920
2014-04-06,631888.25,354.59497,7,871
2014-04-07,426091.1,239.10835,3,889
2014-04-08,376663.28,211.3711,8,901
2014-04-09,375309.1,210.61116,4,885
2014-04-10,334052.75,187.45946,119,895
2014-04-11,379646.84,213.04536,14,893
2014-04-12,529919.94,297.3737,10,912
2014-04-13,540190.3,303.1371,16,865
2014-04-14,381386.3,214.0215,8,867
2014-04-15,364689.06,204.65155,45,877
2014-04-16,411357.1,230.84012,45,887
2014-04-17,397464.84,223.04425,455,893
2014-04-18,394392.2,221.31998,37,898
2014-04-19,496904.75,278.84665,36,903
2014-04-20,520126.4,291.8779,56,851
2014-04-21,398677.4,223.7247,28,883
2014-04-22,370552.25,207.94177,49,877
2014-04-23,372232.6,208.88474,58,883
2014-04-24,320875.47,180.0648,460,875
2014-04-25,357173.72,200.43419,22,875
2014-04-26,497334.75,279.08795,39,894
2014-04-27,560508.44,314.53897,52,849
2014-04-28,362271.9,203.29512,65,860
2014-04-29,326338.34,183.13039,73,875
2014-04-30,357079.97,200.38158,86,874
2014-05-01,530380.9,297.63235,547,878
2014-05-02,443284.9,248.75696,215,873
2014-05-03,610391.75,342.53186,72,891
2014-05-04,646164.9,362.60654,58,839
2014-05-05,427601.72,239.95607,67,876
2014-05-06,388945.88,218.26367,84,871
2014-05-07,391932.2,219.9395,71,872
2014-05-08,337483.72,189.3848,472,864
2014-05-09,381335.2,213.99281,218,875
2014-05-10,577012.0,323.80023,61,901
2014-05-11,454512.94,255.05777,59,843
2014-05-12,398251.88,223.4859,61,868
2014-05-13,360734.53,202.4324,65,868
2014-05-14,356373.8,199.9853,151,854
2014-05-15,332272.84,186.46063,534,862
2014-05-16,380822.75,213.70525,1188,880
2014-05-17,537873.94,301.83722,129,888
2014-05-18,634519.75,356.0717,139,854
2014-05-19,388814.75,218.1901,110,859
2014-05-20,354372.34,198.86215,157,868
2014-05-21,356898.47,200.27972,191,869
2014-05-22,310660.16,174.3323,1561,860
2014-05-23,349549.9,196.15594,1274,868
2014-05-24,516627.25,289.91428,220,901
2014-05-25,573412.2,321.78012,218,847
2014-05-26,373831.1,209.78175,188,857
2014-05-27,327642.16,183.86205,196,864
2014-05-28,338481.78,189.94489,192,861
2014-05-29,326624.56,183.291,1586,878
2014-05-30,375782.62,210.87689,1224,893
2014-05-31,597192.44,335.12482,267,918
2014-06-01,742732.8,416.7973,123,883
2014-06-02,512725.78,287.7249,195,902
2014-06-03,443636.2,248.95409,213,897
2014-06-04,423284.5,237.53339,236,896
2014-06-05,359474.5,201.72531,1616,890
2014-06-06,391266.12,219.56572,1264,892
2014-06-07,557142.44,312.6501,197,917
2014-06-08,626026.94,351.3058,215,870
2014-06-09,415798.94,233.33273,199,898
2014-06-10,351689.44,197.35658,199,882
2014-06-11,373828.16,209.7801,258,893
2014-06-12,329408.06,184.85301,1979,884
2014-06-13,392308.38,220.1506,1335,887
2014-06-14,622073.0,349.08698,278,905
2014-06-15,441279.94,247.63184,250,852
2014-06-16,447450.25,251.09442,338,882
2014-06-17,380396.03,213.46579,380,881
2014-06-18,373408.66,209.5447,425,885
2014-06-19,332280.94,186.46518,2359,884
2014-06-20,369206.78,207.18675,1933,879
2014-06-21,538613.9,302.25244,308,909
2014-06-22,591184.1,331.75314,360,866
2014-06-23,414929.62,232.84491,237,873
2014-06-24,340464.75,191.05766,266,881
2014-06-25,355342.4,199.40651,354,875
2014-06-26,315798.2,177.21559,2168,880
2014-06-27,370793.56,208.0772,2732,888
2014-06-28,510870.8,286.68396,425,927
2014-06-29,567218.9,318.30466,302,869
2014-06-30,429324.06,240.92259,352,881
2014-07-01,720480.6,404.31012,2320,1278
2014-07-02,747430.1,419.4333,4310,1278
2014-07-03,583844.75,327.63455,2383,1276
2014-07-04,595424.3,334.1326,4056,1272
2014-07-05,817307.1,458.64597,610,1296
2014-07-06,918276.6,515.30676,583,1248
2014-07-07,638526.44,358.3201,492,1275
2014-07-08,557291.5,312.73373,2183,1268
2014-07-09,574451.44,322.3633,4281,1268
2014-07-10,498047.56,279.48798,2465,1273
2014-07-11,535644.2,300.58597,4057,1252
2014-07-12,756698.75,424.63455,568,1288
2014-07-13,733653.75,411.70245,720,1246
2014-07-14,584867.1,328.20825,617,1266
2014-07-15,562860.0,315.85858,2329,1266
2014-07-16,621336.5,348.67368,4446,1280
2014-07-17,498221.72,279.5857,2416,1264
2014-07-18,547619.06,307.30588,4275,1269
2014-07-19,728988.25,409.08432,759,1304
2014-07-20,776474.1,435.73184,636,1248
2014-07-21,600228.44,336.82852,592,1271
2014-07-22,530276.06,297.57355,2287,1274
2014-07-23,574168.6,322.20462,4459,1259
2014-07-24,484618.8,271.9522,2425,1280
2014-07-25,579767.3,325.3464,4395,1304
2014-07-26,688919.56,386.5991,673,1312
2014-07-27,747307.9,419.3647,605,1279
2014-07-28,583936.7,327.68613,557,1290
2014-07-29,524743.3,294.46875,2207,1286
2014-07-30,578056.94,324.3866,4640,1292
2014-07-31,532423.56,298.77866,2319,1298
2014-08-01,506826.78,284.41458,4407,931
2014-08-02,626533.6,351.59015,506,933
2014-08-03,625898.2,351.23355,453,888
2014-08-04,471173.3,264.407,402,907
2014-08-05,417197.47,234.11755,395,908
2014-08-06,402914.38,226.10234,515,899
2014-08-07,359701.53,201.8527,2310,901
2014-08-08,397759.94,223.20984,4308,897
2014-08-09,496192.78,278.4471,574,916
2014-08-10,509681.75,286.0167,612,863
2014-08-11,409544.56,229.82298,530,896
2014-08-12,353898.22,198.59608,488,885
2014-08-13,372116.53,208.8196,623,891
2014-08-14,340740.8,191.21257,2331,890
2014-08-15,402631.84,225.9438,4456,901
2014-08-16,533996.1,299.66113,578,916
2014-08-17,564443.2,316.747,559,885
2014-08-18,433042.3,243.00916,514,904
2014-08-19,379329.94,212.86752,512,905
2014-08-20,398126.78,223.4157,582,914
2014-08-21,355108.88,199.27547,2412,908
2014-08-22,388359.9,217.93484,4479,911
2014-08-23,499678.22,280.40305,649,926
2014-08-24,528990.56,296.85217,680,885
2014-08-25,412250.06,231.34123,591,903
2014-08-26,355053.9,199.24461,516,901
2014-08-27,366321.5,205.56763,623,901
2014-08-28,327912.44,184.01372,2175,899
2014-08-29,403288.9,226.31252,4268,909
2014-08-30,586373.7,329.0537,437,935
2014-08-31,660088.2,370.41986,455,886
2014-09-01,812526.2,455.96307,633,1317
2014-09-02,717351.56,402.5542,2300,1282
2014-09-03,726683.9,407.79117,4724,1305
2014-09-04,551340.06,309.39398,2657,1299
2014-09-05,603043.25,338.4081,4802,1297
2014-09-06,870139.44,488.29373,959,1321
2014-09-07,997964.06,560.0247,942,1279
2014-09-08,648651.75,364.0021,802,1280
2014-09-09,562420.56,315.612,2511,1285
2014-09-10,612987.5,343.9885,4874,1298
2014-09-11,483462.94,271.30356,2737,1317
2014-09-12,564382.9,316.71317,4727,1324
2014-09-13,795802.25,446.57816,1018,1357
2014-09-14,896501.56,503.0873,1020,1292
2014-09-15,630710.56,353.9341,870,1339
2014-09-16,608240.0,341.32434,2647,1330
2014-09-17,617472.3,346.50522,4999,1315
2014-09-18,479500.84,269.08017,2683,1314
2014-09-19,550213.1,308.76157,4614,1306
2014-09-20,808490.75,453.69852,898,1340
2014-09-21,901420.44,505.8476,975,1297
2014-09-22,589120.3,330.595,798,1301
2014-09-23,559954.3,314.228,2593,1303
2014-09-24,598183.1,335.68076,4837,1304
2014-09-25,466867.38,261.99066,2489,1289
2014-09-26,515474.22,289.26724,4319,1288
2014-09-27,781202.4,438.38516,632,1329
2014-09-28,886531.8,497.4926,739,1280
2014-09-29,586682.8,329.22717,582,1295
2014-09-30,599093.94,336.1919,2278,1296
2014-10-01,784500.25,440.23584,4804,1301
2014-10-02,634306.5,355.95203,2616,1304
2014-10-03,675639.3,379.14664,4482,1285
2014-10-04,931317.5,522.6249,735,1310
2014-10-05,985466.94,553.0118,658,1282
2014-10-06,641480.75,359.97797,606,1292
2014-10-07,586410.25,329.07422,2353,1292
2014-10-08,620201.3,348.03665,4784,1287
2014-10-09,510519.94,286.48706,2450,1289
2014-10-10,702470.3,394.2033,4569,1309
2014-10-11,748309.1,419.92654,564,1316
2014-10-12,843971.1,473.60895,648,1271
2014-10-13,611726.94,343.2811,565,1284
2014-10-14,550589.56,308.9728,2357,1279
2014-10-15,624797.5,350.61588,4945,1276
2014-10-16,538252.6,302.04974,2557,1277
2014-10-17,558538.1,313.4333,4551,1285
2014-10-18,820840.94,460.62903,769,1317
2014-10-19,935410.56,524.92175,769,1275
2014-10-20,624630.0,350.52188,609,1296
2014-10-21,542207.2,304.2689,2086,1288
2014-10-22,584926.4,328.24152,4755,1301
2014-10-23,492233.22,276.22516,2526,1286
2014-10-24,528403.7,296.52283,4477,1288
2014-10-25,758926.25,425.88455,1003,1324
2014-10-26,892128.5,500.63327,1020,1270
2014-10-27,572806.6,321.4403,583,1279
2014-10-28,512678.8,287.69855,2327,1274
2014-10-29,560819.7,314.71362,4953,1279
2014-10-30,459715.28,257.97714,2357,1297
2014-10-31,561876.06,315.30643,4421,1287
2014-11-01,873539.25,490.2016,975,1325
2014-11-02,709851.5,398.3454,944,1262
2014-11-03,973192.06,546.1235,690,1345
2014-11-04,702751.94,394.36136,2373,1310
2014-11-05,718799.94,403.36697,4858,1296
2014-11-06,566118.4,317.68707,2519,1277
2014-11-07,585330.25,328.46814,4392,1291
2014-11-08,816064.6,457.94873,861,1316
2014-11-09,941478.44,528.32684,956,1261
2014-11-10,593376.8,332.9836,540,1287
2014-11-11,552505.75,310.04813,2362,1274
2014-11-12,588093.5,330.0188,4810,1286
2014-11-13,468057.38,262.65845,2503,1273
2014-11-14,553008.0,310.32996,4434,1269
2014-11-15,786124.2,441.14713,1184,1313
2014-11-16,956619.4,536.8234,1058,1262
2014-11-17,620876.3,348.41544,754,1288
2014-11-18,553367.2,310.53152,2663,1293
2014-11-19,580234.0,325.6083,5147,1277
2014-11-20,511855.75,287.23666,2824,1286
2014-11-21,567978.75,318.73105,4573,1279
2014-11-22,763720.1,428.5747,868,1315
2014-11-23,907432.7,509.2215,973,1267
2014-11-24,610847.94,342.78784,710,1284
2014-11-25,541225.6,303.71808,2544,1278
2014-11-26,579125.3,324.98615,5021,1272
2014-11-27,475823.9,267.01678,2774,1284
2014-11-28,559619.8,314.0403,4654,1261
2014-11-29,850925.1,477.5113,994,1306
2014-11-30,1.02369125e+06,574.462,1076,1281
2014-12-01,817413.56,458.7057,1423,1292
2014-12-02,735319.2,412.63702,3045,1294
2014-12-03,715127.6,401.30618,5359,1297
2014-12-04,578961.5,324.89423,3216,1290
2014-12-05,635445.1,356.59097,4849,1285
2014-12-06,829386.7,465.42462,1151,1306
2014-12-07,1.0138898e+06,568.96173,1165,1277
2014-12-08,790283.3,443.4811,922,1289
2014-12-09,665123.94,373.24576,2992,1294
2014-12-10,732121.06,410.84235,5562,1282
2014-12-11,580542.2,325.78125,3159,1286
2014-12-12,642760.4,360.69604,4853,1300
2014-12-13,854830.9,479.70306,1261,1344
2014-12-14,999106.1,560.6656,1410,1286
2014-12-15,790182.94,443.42477,1025,1333
2014-12-16,799067.06,448.41025,2973,1325
2014-12-17,779966.5,437.69165,5290,1322
2014-12-18,731938.5,410.7399,3179,1320
2014-12-19,757349.4,424.99966,4940,1306
2014-12-20,935555.5,525.0031,1534,1339
2014-12-21,1.0566052e+06,592.93225,1579,1303
2014-12-22,1.0081434e+06,565.737,1582,1329
2014-12-23,1.064978e+06,597.63074,3365,1327
2014-12-24,965982.9,542.07794,5828,1331
2014-12-26,872098.44,489.39307,5714,1333
2014-12-27,740596.2,415.5983,1747,1344
2014-12-28,716329.6,401.9807,1859,1286
2014-12-29,773998.4,434.34253,1783,1315
2014-12-30,912970.56,512.32916,3494,1322
2014-12-31,844380.5,473.83865,5648,1326
2015-01-01,12773.617,7.168135,12,23
2015-01-02,657763.4,369.11526,4949,1042
2015-01-03,648880.7,364.13058,1306,1042
2015-01-04,730923.75,410.17044,1295,981
2015-01-05,569267.3,319.45416,1148,1001
2015-01-06,477886.75,268.17438,1042,1013
2015-01-07,494160.84,277.3069,1291,1020
2015-01-08,417482.7,234.2776,3063,1011
2015-01-09,439381.22,246.56635,4761,1016
2015-01-10,569956.94,319.84116,954,1030
2015-01-11,694860.94,389.9332,1058,994
2015-01-12,442845.53,248.5104,1043,1017
2015-01-13,393800.0,220.98766,1213,993
2015-01-14,400923.97,224.9854,1586,1003
2015-01-15,371146.16,208.27505,2608,1012
2015-01-16,423599.94,237.7104,4510,1014
2015-01-17,621865.44,348.9705,712,1037
2015-01-18,678277.06,380.62686,577,987
2015-01-19,448217.9,251.5252,588,1010
2015-01-20,405308.78,227.446,569,1012
2015-01-21,413202.6,231.87575,697,1005
2015-01-22,364862.53,204.7489,2598,1004
2015-01-23,416937.2,233.97148,4475,1007
2015-01-24,588849.9,330.44324,632,1037
2015-01-25,631623.94,354.44666,616,980
2015-01-26,410009.62,230.08397,540,1014
2015-01-27,360009.84,202.02573,560,1006
2015-01-28,376935.9,211.52408,639,1011
2015-01-29,343062.16,192.51524,2696,1011
2015-01-30,435899.66,244.6126,4647,1020
2015-01-31,656205.8,368.2412,763,1054
2015-02-01,815294.5,457.51654,727,999
2015-02-02,538301.9,302.07736,653,1019
2015-02-03,475249.84,266.69464,583,1037
2015-02-04,451923.16,253.60446,687,1030
2015-02-05,407491.97,228.67114,2640,1018
2015-02-06,437147.53,245.31287,4645,1026
2015-02-07,599911.6,336.65076,721,1040
2015-02-08,622994.25,349.60394,690,999
2015-02-09,458002.16,257.0158,722,1017
2015-02-10,400826.0,224.93042,694,1022
2015-02-11,400115.34,224.53162,766,1026
2015-02-12,384963.16,216.0287,2613,1035
2015-02-13,493265.47,276.8044,4536,1058
2015-02-14,562855.06,315.8558,697,1080
2015-02-15,434886.66,244.04414,576,1067
2015-02-16,420740.9,236.106,574,1052
2015-02-17,483088.12,271.09323,609,1015
2015-02-18,497499.06,279.18018,670,1060
2015-02-19,436360.9,244.87144,2616,1049
2015-02-20,483681.0,271.42593,4387,1044
2015-02-21,572753.06,321.41025,443,1066
2015-02-22,691339.06,387.95682,573,1046
2015-02-23,443349.9,248.79344,425,1037
2015-02-24,407890.28,228.89465,411,1043
2015-02-25,395774.97,222.09595,476,1030
2015-02-26,354938.22,199.1797,2631,1032
2015-02-27,436488.44,244.94301,4475,1037
2015-02-28,635263.4,356.48898,504,1066
2015-03-01,820435.0,460.40125,617,1032
2015-03-02,546037.8,306.41852,464,1049
2015-03-03,492365.25,276.29926,571,1060
2015-03-04,483330.56,271.22928,608,1042
2015-03-05,428599.8,240.51617,2679,1048
2015-03-06,463723.97,260.22668,4451,1046
2015-03-07,657377.2,368.89853,660,1071
2015-03-08,659563.44,370.1254,538,1026
2015-03-09,480371.94,269.569,557,1057
2015-03-10,457881.75,256.94824,567,1047
2015-03-11,425617.72,238.84271,572,1030
2015-03-12,382588.66,214.69621,2664,1043
2015-03-13,434806.0,243.99887,4501,1041
2015-03-14,616609.75,346.02118,649,1074
2015-03-15,662700.9,371.88602,636,1022
2015-03-16,466598.44,261.83975,597,1038
2015-03-17,415359.53,233.08615,581,1044
2015-03-18,398630.0,223.69809,600,1041
2015-03-19,373324.38,209.4974,2698,1043
2015-03-20,467687.94,262.45114,4477,1079
2015-03-21,624099.25,350.22406,597,1094
2015-03-22,646466.4,362.77576,666,1045
2015-03-23,462664.25,259.63202,543,1055
2015-03-24,407369.72,228.60254,445,1058
2015-03-25,408258.2,229.10112,579,1061
2015-03-26,367006.97,205.95229,2769,1068
2015-03-27,436906.6,245.17766,4596,1052
2015-03-28,589854.7,331.0071,587,1080
2015-03-29,641213.75,359.82816,669,1050
2015-03-30,437878.84,245.72325,632,1043
2015-03-31,443278.9,248.7536,590,1053
2015-04-01,557223.2,312.6954,777,1088
2015-04-02,524588.9,294.38208,2854,1072
2015-04-03,510296.78,286.36182,4598,1084
2015-04-04,653894.2,366.944,712,1084
2015-04-05,659669.56,370.18494,707,1028
2015-04-06,519734.8,291.65814,578,1058
2015-04-07,464788.22,260.8239,631,1072
2015-04-08,461140.22,258.77676,753,1054
2015-04-09,398718.3,223.74765,2883,1047
2015-04-10,445869.3,250.20724,4725,1075
2015-04-11,610603.0,342.6504,736,1090
2015-04-12,659939.0,370.33615,715,1046
2015-04-13,453724.75,254.61546,643,1071
2015-04-14,403623.4,226.50023,666,1068
2015-04-15,438106.28,245.85089,739,1061
2015-04-16,418643.2,234.92883,3374,1071
2015-04-17,456303.25,256.06244,5102,1057
2015-04-18,629155.7,353.06155,1195,1087
2015-04-19,684544.94,384.1442,1249,1049
2015-04-20,481694.78,270.3113,1146,1084
2015-04-21,426018.3,239.06752,1090,1080
2015-04-22,421108.22,236.31213,1250,1076
2015-04-23,392147.03,220.06006,3300,1073
2015-04-24,437625.5,245.58109,5216,1088
2015-04-25,588781.5,330.40488,1185,1099
2015-04-26,625901.0,351.23514,1169,1054
2015-04-27,425049.16,238.52365,1046,1066
2015-04-28,374839.2,210.34747,1057,1060
2015-04-29,398724.34,223.75104,1012,1069
2015-04-30,432612.16,242.76776,3267,1049
2015-05-01,674509.4,378.51254,5555,1095
2015-05-02,711052.25,399.01923,1343,1093
2015-05-03,742887.8,416.8843,1381,1043
2015-05-04,556245.1,312.14655,1282,1109
2015-05-05,509493.22,285.9109,1240,1110
2015-05-06,504999.56,283.3892,1340,1121
2015-05-07,444082.3,249.20444,3372,1120
2015-05-08,481304.22,270.09216,5130,1130
2015-05-09,706705.44,396.57993,1156,1153
2015-05-10,558062.25,313.16626,1024,1095
2015-05-11,524864.06,294.5365,1055,1124
2015-05-12,452162.88,253.73898,1014,1123
2015-05-13,446915.62,250.7944,1172,1121
2015-05-14,395609.66,222.00317,3153,1119
2015-05-15,483535.53,271.3443,5076,1119
2015-05-16,709798.56,398.3157,1196,1139
2015-05-17,798186.1,447.9159,1060,1094
2015-05-18,496595.0,278.67285,968,1111
2015-05-19,446375.5,250.4913,999,1098
2015-05-20,466238.62,261.63785,1232,1104
2015-05-21,417006.12,234.01018,3115,1098
2015-05-22,458727.9,257.42307,4923,1101
2015-05-23,658882.94,369.7435,970,1134
2015-05-24,738068.44,414.1798,1012,1080
2015-05-25,534802.8,300.1138,941,1110
2015-05-26,463132.4,259.8947,887,1098
2015-05-27,481804.97,270.37317,1007,1106
2015-05-28,428506.88,240.46402,3183,1106
2015-05-29,560519.5,314.54517,5079,1127
2015-05-30,855728.3,480.2067,992,1161
2015-05-31,1.02356475e+06,574.391,1025,1103
2015-06-01,812081.2,455.71335,1388,1365
2015-06-02,753430.6,422.80057,3643,1368
2015-06-03,747929.44,419.7135,5581,1353
2015-06-04,608994.6,341.74783,3401,1355
2015-06-05,657675.1,369.06573,5144,1352
2015-06-06,904437.25,507.54056,1066,1375
2015-06-07,1.0706959e+06,600.8394,1068,1342
2015-06-08,696952.8,391.1071,949,1348
2015-06-09,623725.1,350.0141,3216,1338
2015-06-10,641435.4,359.9525,5373,1343
2015-06-11,510019.16,286.20602,1369,1341
2015-06-12,606616.0,340.41302,6500,1343
2015-06-13,840727.75,471.78885,1564,1382
2015-06-14,967745.75,543.0672,2239,1327
2015-06-15,666557.1,374.05002,1495,1343
2015-06-16,672637.8,377.4623,3629,1352
2015-06-17,677171.2,380.0063,8606,1354
2015-06-18,556155.06,312.096,1775,1328
2015-06-19,659233.56,369.94028,6748,1349
2015-06-20,936951.6,525.78656,1586,1370
2015-06-21,790568.44,443.6411,2389,1321
2015-06-22,701208.25,393.4951,1617,1352
2015-06-23,640322.3,359.3279,3756,1339
2015-06-24,643411.7,361.06155,9265,1345
2015-06-25,518700.97,291.07797,1154,1330
2015-06-26,593299.44,332.9402,6213,1324
2015-06-27,831492.44,466.6063,1166,1371
2015-06-28,976563.56,548.01544,1994,1323
2015-06-29,639072.2,358.62637,1006,1325
2015-06-30,669548.44,375.72864,2927,1331
2015-07-01,885953.2,497.1679,8448,1341
2015-07-02,705642.3,395.98334,1306,1335
2015-07-03,772773.4,433.6551,6484,1329
2015-07-04,1.0185418e+06,571.57227,1252,1371
2015-07-05,982427.7,551.3062,2065,1310
2015-07-06,754949.7,423.653,1033,1338
2015-07-07,654821.06,367.4641,2971,1314
2015-07-08,732992.1,411.33115,8236,1341
2015-07-09,605032.5,339.5244,1214,1336
2015-07-10,643986.4,361.38406,6406,1336
2015-07-11,794984.7,446.11935,1137,1358
2015-07-12,898731.94,504.3389,1942,1316
2015-07-13,647967.06,363.6179,1009,1330
2015-07-14,601452.25,337.5153,2851,1343
2015-07-15,664505.1,372.8985,8255,1341
2015-07-16,584042.75,327.74564,1225,1344
2015-07-17,653452.2,366.69595,6503,1341
2015-07-18,826353.3,463.7224,1126,1366
2015-07-19,894707.3,502.0804,1938,1338
2015-07-20,685961.25,384.93896,1357,1360
2015-07-21,607836.5,341.09793,3157,1356
2015-07-22,631385.44,354.3128,8415,1333
2015-07-23,541511.44,303.87848,1482,1324
2015-07-24,635244.25,356.47824,6714,1354
2015-07-25,797427.5,447.49017,1529,1382
2015-07-26,875032.06,491.0393,2383,1338
2015-07-27,652999.2,366.44174,1466,1364
2015-07-28,594977.7,333.882,3408,1360
2015-07-29,625450.0,350.98206,8747,1356
2015-07-30,543393.56,304.93466,1662,1361
2015-07-31,695083.44,390.05804,7021,1374
2015-08-01,1.0448948e+06,586.3607,1448,1399
2015-08-02,1.0434955e+06,585.5755,2194,1350
2015-08-03,811119.8,455.17386,1405,1375
2015-08-04,726613.4,407.75162,3489,1374
2015-08-05,724346.56,406.47955,8919,1357
2015-08-06,583375.2,327.37103,1529,1380
2015-08-07,663326.5,372.2371,6744,1377
2015-08-08,784099.2,440.01077,1436,1409
2015-08-09,679410.1,381.2627,2287,1349
2015-08-10,785477.94,440.7845,1389,1398
2015-08-11,668280.4,375.01706,3358,1375
2015-08-12,678064.75,380.50772,7917,1386
2015-08-13,557859.5,313.05246,1482,1391
2015-08-14,734484.2,412.16846,6748,1381
2015-08-15,936339.0,525.44275,1434,1438
2015-08-16,913846.6,512.8208,2166,1375
2015-08-17,694747.2,389.86935,1393,1409
2015-08-18,629475.6,353.2411,3316,1410
2015-08-19,653733.4,366.85376,7781,1394
2015-08-20,569443.7,319.55313,1511,1393
2015-08-21,653281.2,366.6,7086,1429
2015-08-22,803270.2,450.7689,1653,1436
2015-08-23,865755.4,485.83356,2412,1393
2015-08-24,681576.0,382.47812,1491,1425
2015-08-25,624698.3,350.5602,3525,1425
2015-08-26,640076.0,359.18967,8142,1429
2015-08-27,548043.3,307.54395,1462,1412
2015-08-28,635737.25,356.7549,6846,1426
2015-08-29,876953.1,492.11734,1484,1438
2015-08-30,975697.6,547.52954,2310,1400
2015-08-31,776152.56,435.5514,1257,1430
2015-09-01,906550.0,508.72614,3595,1440
2015-09-02,879033.06,493.28455,8161,1446
2015-09-03,707093.06,396.79745,2241,1434
2015-09-04,736395.3,413.2409,7802,1431
2015-09-05,1.0528684e+06,590.8352,2570,1441
2015-09-06,1.1476426e+06,644.0194,3486,1394
2015-09-07,767382.75,430.63004,2391,1438
2015-09-08,677312.25,380.08545,4385,1421
2015-09-09,705633.5,395.9784,8964,1412
2015-09-10,577743.8,324.2109,2597,1411
2015-09-11,651330.2,365.50516,7873,1415
2015-09-12,921524.44,517.12933,2572,1439
2015-09-13,1.0233453e+06,574.2678,3511,1376
2015-09-14,688405.2,386.31042,2433,1401
2015-09-15,682134.4,382.79144,4657,1401
2015-09-16,742089.7,416.4364,9156,1396
2015-09-17,593577.8,333.0964,2563,1414
2015-09-18,653805.9,366.89444,7943,1416
2015-09-19,935893.5,525.19275,2727,1446
2015-09-20,1.0375329e+06,582.22943,3551,1391
2015-09-21,717725.4,402.76395,2517,1412
2015-09-22,641914.75,360.22153,4480,1392
2015-09-23,690419.75,387.44095,9189,1402
2015-09-24,557321.6,312.75064,2352,1396
2015-09-25,646083.9,362.5611,7739,1389
2015-09-26,890486.06,499.7116,2486,1423
2015-09-27,1.01806294e+06,571.3035,3382,1363
2015-09-28,671261.06,376.6897,2245,1395
2015-09-29,609130.7,341.8242,4278,1388
2015-09-30,711182.56,399.09235,9027,1393
2015-10-01,796340.9,446.8804,2231,1445
2015-10-02,830719.4,466.1725,7801,1430
2015-10-03,1.1793761e+06,661.8272,2220,1464
2015-10-04,1.2341309e+06,692.5538,3011,1417
2015-10-05,809524.8,454.2788,1990,1424
2015-10-06,696169.25,390.66736,3989,1417
2015-10-07,720562.3,404.35596,8798,1411
2015-10-08,603066.0,338.42087,2042,1400
2015-10-09,873934.75,490.42355,7815,1478
2015-10-10,867557.0,486.84454,1969,1483
2015-10-11,973329.2,546.20044,2852,1423
2015-10-12,721634.56,404.95767,1864,1462
2015-10-13,585141.56,328.36227,3899,1445
2015-10-14,688198.1,386.19424,8778,1459
2015-10-15,577952.2,324.32782,1289,1434
2015-10-16,693829.4,389.3543,6959,1469
2015-10-17,958052.94,537.6279,1355,1491
2015-10-18,1.0714771e+06,601.27783,2212,1452
2015-10-19,699259.5,392.40152,1166,1460
2015-10-20,660308.4,370.54343,3039,1466
2015-10-21,672847.4,377.5799,7950,1448
2015-10-22,547020.06,306.96973,1019,1439
2015-10-23,639040.6,358.60864,6519,1446
2015-10-24,859950.7,482.57614,915,1487
2015-10-25,1.0187831e+06,571.7077,1822,1443
2015-10-26,649914.4,364.71066,842,1455
2015-10-27,587066.1,329.44226,2944,1443
2015-10-28,599388.1,336.35696,7811,1444
2015-10-29,511860.06,287.2391,1392,1426
2015-10-30,635875.9,356.8327,7060,1459
2015-10-31,915956.9,514.005,1667,1500
2015-11-01,819250.4,459.73645,2621,1485
2015-11-02,762549.8,427.91797,1715,1485
2015-11-03,1.0334391e+06,579.9322,3898,1429
2015-11-04,855494.44,480.07544,9041,1441
2015-11-05,649662.7,364.5694,1872,1452
2015-11-06,671145.8,376.62503,7448,1453
2015-11-07,929723.4,521.7303,1881,1483
2015-11-08,1.077362e+06,604.58026,2868,1462
2015-11-09,683644.9,383.6391,1707,1451
2015-11-10,623529.2,349.90414,3788,1457
2015-11-11,689746.2,387.06296,8741,1427
2015-11-12,506937.66,284.4768,1777,1448
2015-11-13,626674.0,351.6689,7175,1443
2015-11-14,867597.3,486.8672,2300,1488
2015-11-15,1.0561595e+06,592.6821,3508,1436
2015-11-16,716508.7,402.0812,2524,1457
2015-11-17,618920.0,347.31763,4525,1471
2015-11-18,683954.2,383.81268,9935,1442
2015-11-19,560452.56,314.5076,2888,1451
2015-11-20,665619.7,373.52396,8109,1444
2015-11-21,863726.9,484.69522,2473,1474
2015-11-22,1.0158443e+06,570.05853,3537,1427
2015-11-23,696685.44,390.95703,2307,1451
2015-11-24,612710.2,343.8329,4508,1442
2015-11-25,658917.8,369.7631,9548,1447
2015-11-26,530358.3,297.6197,2134,1437
2015-11-27,645087.06,362.0017,7812,1442
2015-11-28,850596.0,477.3266,2432,1488
2015-11-29,1.0706198e+06,600.7967,3235,1437
2015-11-30,762036.1,427.6297,2190,1440
2015-12-01,857620.94,481.26877,5121,1481
2015-12-02,867269.56,486.68326,10113,1457
2015-12-03,676883.0,379.84454,2513,1465
2015-12-04,749354.1,420.51297,8073,1444
2015-12-05,966202.4,542.2011,2404,1489
2015-12-06,1.1431194e+06,641.48114,3188,1439
2015-12-07,822334.7,461.4673,2031,1461
2015-12-08,712569.2,399.87048,4241,1465
2015-12-09,747893.8,419.6935,9603,1460
2015-12-10,657427.2,368.9266,2013,1446
2015-12-11,708392.8,397.52682,7574,1446
2015-12-12,915667.9,513.8428,2179,1491
2015-12-13,1.0594254e+06,594.5148,2924,1441
2015-12-14,811613.75,455.45105,1672,1450
2015-12-15,779809.94,437.6038,5965,1488
2015-12-16,859930.25,482.56467,11274,1474
2015-12-17,809809.75,454.4387,2120,1452
2015-12-18,893569.9,501.44214,7493,1463
2015-12-19,1.0955235e+06,614.7719,2231,1497
2015-12-20,1.175417e+06,659.6055,3037,1457
2015-12-21,1.0728875e+06,602.0693,1811,1480
2015-12-22,1.1418619e+06,640.77545,4122,1473
2015-12-23,1.196146e+06,671.2379,9276,1483
2015-12-24,1.0836804e+06,608.1259,1838,1490
2015-12-26,946725.2,531.2712,1725,1480
2015-12-27,837714.1,470.09772,2582,1431
2015-12-28,789684.94,443.1453,1316,1482
2015-12-29,870762.0,488.6431,3848,1485
2015-12-30,1.03004375e+06,578.0268,9068,1470
2015-12-31,964641.56,541.32526,1638,1470
2016-01-01,16433.395,9.221883,159,29
2016-01-02,1.0666774e+06,598.5844,1832,1514
2016-01-03,1.2267358e+06,688.4039,2936,1464
2016-01-04,955956.9,536.45166,1741,1479
2016-01-05,835320.44,468.75446,3950,1462
2016-01-06,821685.7,461.1031,8959,1449
2016-01-07,653504.4,366.72525,1998,1460
2016-01-08,713608.3,400.4536,7235,1448
2016-01-09,989209.44,555.11194,1793,1502
2016-01-10,1.0946939e+06,614.30634,2700,1430
2016-01-11,705495.25,395.90082,1467,1442
2016-01-12,647058.44,363.108,3683,1433
2016-01-13,660045.3,370.3958,8823,1433
2016-01-14,561972.6,315.36063,1917,1440
2016-01-15,671027.1,376.55844,7696,1450
2016-01-16,959827.1,538.62354,2282,1494
2016-01-17,1.0579974e+06,593.71344,3141,1441
2016-01-18,709784.25,398.30765,2201,1455
2016-01-19,630929.75,354.0571,4738,1451
2016-01-20,738744.0,414.55893,10589,1469
2016-01-21,552820.75,310.22488,940,1435
2016-01-22,648431.44,363.87848,6542,1454
2016-01-23,906754.8,508.8411,924,1499
2016-01-24,980927.75,550.4645,1964,1447
2016-01-25,658090.7,369.29892,782,1440
2016-01-26,609465.8,342.01224,3075,1454
2016-01-27,647254.7,363.2181,8217,1444
2016-01-28,533709.9,299.5005,2483,1438
2016-01-29,660492.75,370.64688,8261,1456
2016-01-30,969938.4,544.2976,2791,1496
2016-01-31,1.0932112e+06,613.4743,3759,1467
2016-02-01,872063.3,489.37335,2805,1458
2016-02-02,765233.2,429.4238,4924,1463
2016-02-03,772360.94,433.42365,9935,1477
2016-02-04,650328.2,364.94287,3326,1456
2016-02-05,768586.5,431.30554,9244,1473
2016-02-06,941954.06,528.59375,3667,1501
2016-02-07,697791.6,391.5778,4184,1470
2016-02-08,636542.7,357.2069,3245,1462
2016-02-09,746939.6,419.15805,5542,1418
2016-02-10,790988.7,443.87692,10965,1452
2016-02-11,646376.4,362.72525,5650,1459
2016-02-12,698152.06,391.78006,11248,1446
2016-02-13,859023.0,482.05554,6018,1499
2016-02-14,940214.5,527.61755,6966,1436
2016-02-15,746671.3,419.00748,5744,1474
2016-02-16,719111.9,403.54202,6223,1474
2016-02-17,723794.75,406.1699,11241,1466
2016-02-18,570072.7,319.9061,3949,1472
2016-02-19,672510.1,377.39066,9501,1473
2016-02-20,883790.2,495.9541,4278,1503
2016-02-21,991384.25,556.33234,5431,1459
2016-02-22,698907.6,392.20404,4009,1485
2016-02-23,641329.06,359.89285,6027,1458
2016-02-24,675573.4,379.10965,11117,1447
2016-02-25,557959.3,313.1085,3236,1451
2016-02-26,641922.8,360.22604,9782,1464
2016-02-27,916704.06,514.42426,5172,1493
2016-02-28,994502.75,558.08234,6156,1453
2016-02-29,726619.75,407.7552,3956,1476
2016-03-01,897927.6,503.88754,6666,1485
2016-03-02,878452.4,492.95868,11706,1476
2016-03-03,671564.75,376.86014,3490,1467
2016-03-04,747546.8,419.49878,9322,1484
2016-03-05,1.0286207e+06,577.2282,3909,1511
2016-03-06,1.0789585e+06,605.47614,4730,1447
2016-03-07,738126.5,414.2124,3446,1458
2016-03-08,642291.4,360.43286,5398,1445
2016-03-09,694645.9,389.8125,10754,1474
2016-03-10,572491.9,321.26367,3430,1438
2016-03-11,664893.5,373.11646,9111,1451
2016-03-12,898101.1,503.98492,3825,1494
2016-03-13,954980.3,535.9036,4613,1441
2016-03-14,668066.4,374.89694,3453,1458
2016-03-15,668186.7,374.96448,5709,1462
2016-03-16,739805.4,415.15454,10828,1453
2016-03-17,580452.5,325.73093,4979,1441
2016-03-18,666756.8,374.16208,9539,1463
2016-03-19,895038.5,502.26627,4430,1477
2016-03-20,929605.56,521.6642,5296,1423
2016-03-21,690469.8,387.46902,4119,1456
2016-03-22,622695.8,349.4365,5900,1418
2016-03-23,714881.2,401.1679,11249,1418
2016-03-24,660489.9,370.64526,2340,1443
2016-03-25,633524.2,355.513,7584,1451
2016-03-26,800133.5,449.0087,2400,1475
2016-03-27,833336.06,467.6409,3329,1417
2016-03-28,661057.9,370.96402,2380,1436
2016-03-29,621166.06,348.57803,4467,1432
2016-03-30,660139.0,370.44836,9807,1439
2016-03-31,617374.3,346.45023,3581,1440
2016-04-01,872467.3,489.60007,9793,1470
2016-04-02,1.1508246e+06,645.80505,3941,1511
2016-04-03,1.2669082e+06,710.9474,5092,1446
2016-04-04,795237.2,446.26105,3643,1469
2016-04-05,725750.1,407.26718,5677,1460
2016-04-06,744784.8,417.94882,11186,1449
2016-04-07,587939.7,329.9325,3080,1449
2016-04-08,689727.2,387.0523,9240,1461
2016-04-09,927981.4,520.75275,4143,1493
2016-04-10,1.00887675e+06,566.14856,5403,1432
2016-04-11,665348.94,373.372,4377,1454
2016-04-12,651657.06,365.6886,6825,1450
2016-04-13,672611.5,377.44754,12374,1449
2016-04-14,546785.2,306.83792,3484,1447
2016-04-15,667606.3,374.6388,9158,1473
2016-04-16,862121.5,483.79434,3954,1487
2016-04-17,1.2718338e+06,713.7114,4986,1440
2016-04-18,1.3459206e+06,755.28656,4075,1473
2016-04-19,1.1520892e+06,646.5147,6110,1464
2016-04-20,1.0624262e+06,596.1988,12650,1482
2016-04-21,1.00107975e+06,561.77313,5526,1460
2016-04-22,857059.25,480.95355,11038,1464
2016-04-23,1.0221431e+06,573.5932,5737,1495
2016-04-24,1.03936994e+06,583.2604,6762,1457
2016-04-25,680000.75,381.59415,5125,1474
2016-04-26,704799.44,395.51035,7306,1462
2016-04-27,670288.1,376.14374,13522,1472
2016-04-28,543339.9,304.90454,6363,1478
2016-04-29,708711.44,397.70563,14393,1479
2016-04-30,1.0673358e+06,598.95386,10349,1539
2016-05-01,1.2701212e+06,712.7504,12056,1470
2016-05-02,973985.7,546.56885,9677,1491
2016-05-03,792205.56,444.5598,12286,1501
2016-05-04,798654.44,448.1787,17422,1494
2016-05-05,648701.6,364.0301,9971,1474
2016-05-06,761422.5,427.28534,16096,1495
2016-05-07,1.0711928e+06,601.1183,10650,1513
2016-05-08,820824.6,460.61987,10736,1459
2016-05-09,771767.6,433.0907,10233,1484
2016-05-10,693010.5,388.89478,12099,1490
2016-05-11,727543.44,408.27353,15793,1461
2016-05-12,603394.2,338.60504,8951,1465
2016-05-13,666833.9,374.20532,14003,1478
2016-05-14,932869.5,523.4958,9545,1521
2016-05-15,1.0703316e+06,600.635,10418,1507
2016-05-16,748112.7,419.8163,8877,1482
2016-05-17,661930.8,371.4539,10975,1477
2016-05-18,671232.94,376.67392,14599,1447
2016-05-19,581470.56,326.30222,8973,1467
2016-05-20,706024.06,396.19757,14004,1453
2016-05-21,910757.2,511.0871,9307,1496
2016-05-22,1.0306716e+06,578.37915,10339,1505
2016-05-23,695004.7,390.01385,8534,1466
2016-05-24,606377.2,340.279,10606,1442
2016-05-25,637512.06,357.7509,15657,1441
2016-05-26,571968.6,320.97006,10758,1456
2016-05-27,852689.25,478.50125,17133,1499
2016-05-28,816187.25,458.01755,11524,1490
2016-05-29,959853.7,538.6384,12737,1494
2016-05-30,752452.44,422.25165,11392,1471
2016-05-31,974328.0,546.7609,14668,1492
2016-06-01,811525.3,455.4014,15912,1476
2016-06-02,694535.94,389.7508,8059,1471
2016-06-03,742363.06,416.5898,11747,1458
2016-06-04,1.0119966e+06,567.89935,6666,1506
2016-06-05,1.1237344e+06,630.6029,7628,1520
2016-06-06,729894.25,409.59274,6262,1465
2016-06-07,658714.6,369.64905,8345,1452
2016-06-08,696747.56,390.9919,13972,1463
2016-06-09,547139.6,307.03683,6261,1439
2016-06-10,637354.3,357.66235,12011,1437
2016-06-11,845838.2,474.65668,7639,1483
2016-06-12,947479.75,531.6946,8585,1509
2016-06-13,685382.2,384.614,7235,1454
2016-06-14,622267.75,349.19626,9714,1446
2016-06-15,708327.6,397.49026,16034,1452
2016-06-16,620526.25,348.219,7642,1446
2016-06-17,737897.44,414.08386,13274,1431
2016-06-18,972971.1,545.9995,8524,1481
2016-06-19,837363.0,469.90067,8814,1478
2016-06-20,735754.4,412.88126,7609,1450
2016-06-21,679248.0,381.17172,9623,1465
2016-06-22,677730.6,380.32022,15476,1458
2016-06-23,559653.3,314.0591,6384,1444
2016-06-24,641812.7,360.16425,11846,1436
2016-06-25,860296.8,482.7704,6984,1471
2016-06-26,954344.7,535.54694,8257,1476
2016-06-27,684735.6,384.2512,6513,1433
2016-06-28,596948.94,334.9882,8118,1436
2016-06-29,632489.5,354.93237,13620,1431
2016-06-30,554144.9,310.96796,6662,1434
2016-07-01,857027.56,480.9358,12713,1474
2016-07-02,1.0784851e+06,605.2105,7331,1486
2016-07-03,1.1267138e+06,632.27484,8070,1497
2016-07-04,850891.6,477.4925,6906,1453
2016-07-05,728011.56,408.53622,9188,1446
2016-07-06,752110.94,422.06,16405,1445
2016-07-07,591702.75,332.0442,5265,1444
2016-07-08,688563.4,386.3992,12532,1451
2016-07-09,868260.0,487.23904,7671,1489
2016-07-10,932486.3,523.28076,8786,1488
2016-07-11,688436.1,386.3278,7134,1445
2016-07-12,627039.75,351.87415,8817,1445
2016-07-13,642494.4,360.54678,13382,1449
2016-07-14,535124.3,300.29422,5346,1432
2016-07-15,675032.44,378.8061,11407,1433
2016-07-16,887192.9,497.86356,6365,1488
2016-07-17,932586.7,523.3371,7336,1482
2016-07-18,702619.75,394.28717,5892,1451
2016-07-19,633176.3,355.3178,7823,1431
2016-07-20,686848.9,385.43707,13216,1440
2016-07-21,578823.7,324.8169,5644,1423
2016-07-22,646633.6,362.8696,10352,1437
2016-07-23,822292.5,461.4436,5882,1473
2016-07-24,847867.7,475.79556,6813,1455
2016-07-25,697383.6,391.34885,5681,1439
2016-07-26,622771.94,349.4792,7550,1420
2016-07-27,651122.0,365.38834,10781,1432
2016-07-28,533256.25,299.24594,5647,1417
2016-07-29,669585.8,375.7496,11243,1431
2016-07-30,910213.9,510.7822,6377,1481
2016-07-31,997916.94,559.9983,7050,1480
2016-08-01,895580.4,502.57034,5349,1471
2016-08-02,777592.8,436.3596,7884,1454
2016-08-03,779844.8,437.62335,13361,1447
2016-08-04,622883.1,349.5416,5955,1455
2016-08-05,704092.75,395.11377,11624,1458
2016-08-06,858903.2,481.9883,6266,1496
2016-08-07,904321.44,507.47556,7562,1494
2016-08-08,715195.56,401.3443,6231,1466
2016-08-09,635539.0,356.64365,8593,1467
2016-08-10,658457.44,369.50473,13998,1453
2016-08-11,596729.25,334.8649,6448,1466
2016-08-12,745662.5,418.44135,11760,1493
2016-08-13,714905.94,401.1818,6521,1482
2016-08-14,761826.1,427.51184,7400,1488
2016-08-15,720032.3,404.05853,6925,1445
2016-08-16,718671.6,403.29495,8896,1449
2016-08-17,725945.7,407.37692,14445,1441
2016-08-18,577350.5,323.99017,6847,1428
2016-08-19,678767.1,380.90186,12171,1446
2016-08-20,828986.3,465.19995,7317,1474
2016-08-21,901870.1,506.09995,8091,1461
2016-08-22,714866.25,401.15952,6907,1424
2016-08-23,660820.0,370.83054,8720,1423
2016-08-24,674613.06,378.57074,13484,1414
2016-08-25,554421.5,311.12317,5714,1413
2016-08-26,646698.25,362.90585,11058,1426
2016-08-27,791047.56,443.90997,6313,1439
2016-08-28,858802.44,481.9318,7180,1450
2016-08-29,671845.75,377.01782,6096,1429
2016-08-30,624711.3,350.5675,8397,1415
2016-08-31,731430.1,410.45462,14079,1427
2016-09-01,718105.56,402.9773,6204,1434
2016-09-02,837129.56,469.76968,11445,1444
2016-09-03,1.0575812e+06,593.4799,5986,1471
2016-09-04,1.1099859e+06,622.8877,6669,1465
2016-09-05,813763.3,456.6573,5446,1432
2016-09-06,751583.0,421.76376,7130,1425
2016-09-07,738543.94,414.44666,12437,1405
2016-09-08,595849.3,334.3711,5757,1410
2016-09-09,658969.0,369.7918,11435,1417
2016-09-10,915938.56,513.9947,6595,1433
2016-09-11,1.01736925e+06,570.9143,7187,1448
2016-09-12,678776.44,380.9071,5902,1414
2016-09-13,603427.94,338.624,7836,1391
2016-09-14,624262.06,350.3154,13238,1386
2016-09-15,568324.8,318.92526,8373,1391
2016-09-16,691912.6,388.2787,14453,1402
2016-09-17,899219.3,504.6124,9645,1438
2016-09-18,1.0186627e+06,571.64014,10453,1436
2016-09-19,681159.3,382.2443,8924,1413
2016-09-20,650980.3,365.3088,10992,1397
2016-09-21,666928.4,374.25836,16166,1403
2016-09-22,533276.3,299.2572,9185,1388
2016-09-23,663686.0,372.43884,14938,1402
2016-09-24,861830.4,483.63095,10165,1431
2016-09-25,952352.56,534.4291,10902,1438
2016-09-26,664217.44,372.73706,9248,1404
2016-09-27,587908.3,329.9149,11118,1405
2016-09-28,631761.2,354.52368,15766,1410
2016-09-29,520744.94,292.225,8746,1405
2016-09-30,703198.5,394.61194,14020,1408
2016-10-01,1.1750336e+06,659.3904,9040,1444
2016-10-02,1.2564801e+06,705.09546,10009,1455
2016-10-03,833060.56,467.4863,8527,1411
2016-10-04,724113.1,406.34854,11381,1401
2016-10-05,749712.3,420.714,16510,1404
2016-10-06,581429.3,326.27908,8844,1402
2016-10-07,797612.25,447.59384,14565,1411
2016-10-08,932551.7,523.31744,9965,1430
2016-10-09,1.0882515e+06,610.6911,10957,1437
2016-10-10,725312.9,407.02182,9518,1415
2016-10-11,625272.0,350.88214,11499,1405
2016-10-12,665126.06,373.24695,15499,1410
2016-10-13,558859.9,313.61386,9141,1410
2016-10-14,667954.2,374.834,14622,1418
2016-10-15,890613.56,499.78314,9962,1462
2016-10-16,1.1045048e+06,619.8119,11029,1465
2016-10-17,710456.44,398.68488,8913,1429
2016-10-18,630638.56,353.8937,10764,1414
2016-10-19,647823.44,363.5373,15074,1424
2016-10-20,583001.25,327.1612,8438,1427
2016-10-21,669453.56,375.6754,13952,1432
2016-10-22,843626.44,473.4155,8824,1456
2016-10-23,1.0229537e+06,574.0481,10108,1470
2016-10-24,668507.6,375.14456,8278,1430
2016-10-25,610590.9,342.6436,10318,1422
2016-10-26,633413.9,355.4511,20046,1402
2016-10-27,544361.5,305.47784,12296,1439
2016-10-28,638838.25,358.4951,18399,1446
2016-10-29,841074.7,471.98355,15002,1484
2016-10-30,954838.2,535.8239,15945,1484
2016-10-31,654923.5,367.5216,13089,1445
2016-11-01,811832.44,455.57376,15036,1467
2016-11-02,969033.6,543.7899,21832,1483
2016-11-03,793811.7,445.4611,13041,1476
2016-11-04,858468.2,481.7442,17726,1467
2016-11-05,887751.3,498.17694,13143,1470
2016-11-06,1.1403671e+06,639.93665,14731,1497
2016-11-07,849451.06,476.6841,12332,1456
2016-11-08,767439.6,430.66196,13995,1442
2016-11-09,790276.8,443.47745,21413,1440
2016-11-10,588241.75,330.102,11964,1435
2016-11-11,713396.44,400.3347,17688,1439
2016-11-12,929802.75,521.77484,13278,1471
2016-11-13,1.1889822e+06,667.2179,14446,1497
2016-11-14,735723.2,412.86374,10519,1427
2016-11-15,691801.6,388.2164,13178,1428
2016-11-16,830431.75,466.01108,20041,1419
2016-11-17,615228.25,345.24594,9983,1419
2016-11-18,738265.56,414.29044,15252,1453
2016-11-19,935656.0,525.0595,11708,1471
2016-11-20,1.125179e+06,631.4136,12877,1493
2016-11-21,773762.3,434.21005,11295,1459
2016-11-22,690281.25,387.36322,13276,1452
2016-11-23,753685.06,422.94336,20488,1437
2016-11-24,595457.3,334.15112,11234,1415
2016-11-25,737819.5,414.04013,17137,1444
2016-11-26,908066.8,509.57733,12489,1462
2016-11-27,1.0567216e+06,592.99756,13624,1486
2016-11-28,752583.75,422.32535,11861,1442
2016-11-29,645760.5,362.37964,13347,1418
2016-11-30,767361.7,430.61823,19424,1443
2016-12-01,843603.3,473.40253,12985,1467
2016-12-02,853454.94,478.93094,18819,1454
2016-12-03,1.1134406e+06,624.8264,14279,1518
2016-12-04,1.276195e+06,716.1588,15186,1530
2016-12-05,896824.94,503.26877,13159,1486
2016-12-06,932546.4,523.31445,15573,1489
2016-12-07,867653.75,486.89886,26861,1465
2016-12-08,674077.4,378.27014,13681,1471
2016-12-09,774941.94,434.872,19275,1461
2016-12-10,920050.75,516.3023,14826,1488
2016-12-11,1.1193242e+06,628.1281,16281,1493
2016-12-12,844251.7,473.7664,13791,1468
2016-12-13,747161.6,419.28262,16204,1472
2016-12-14,829763.25,465.63596,21728,1460
2016-12-15,747641.2,419.55173,14623,1457
2016-12-16,918899.8,515.65643,20131,1485
2016-12-17,1.0716556e+06,601.378,15863,1507
2016-12-18,1.2604719e+06,707.3355,17228,1523
2016-12-19,1.0282428e+06,577.0162,15014,1513
2016-12-20,1.0804024e+06,606.2864,17863,1502
2016-12-21,1.1813074e+06,662.911,23427,1519
2016-12-22,1.1358494e+06,637.4014,15486,1502
2016-12-23,1.2821455e+06,719.49805,21531,1511
2016-12-24,1.2468379e+06,699.6846,15250,1533
2016-12-26,1.03277075e+06,579.5571,14818,1513
2016-12-27,842475.5,472.76965,16147,1497
2016-12-28,951533.7,533.96954,23634,1505
2016-12-29,894108.25,501.74426,15877,1504
2016-12-30,1.163643e+06,652.9983,21974,1510
2016-12-31,1.1090129e+06,622.3417,15984,1529
2017-01-01,12082.501,6.7803035,170,28
2017-01-02,1.4023064e+06,786.9284,11812,1540
2017-01-03,1.1043771e+06,619.74023,13906,1518
2017-01-04,990093.44,555.608,22918,1509
2017-01-05,777620.94,436.3754,8550,1499
2017-01-06,839600.25,471.15616,15539,1484
2017-01-07,1.1038062e+06,619.4199,10406,1509
2017-01-08,1.1925438e+06,669.2165,11277,1525
2017-01-09,793724.9,445.41238,9647,1498
2017-01-10,742635.56,416.74274,11820,1488
2017-01-11,770742.7,432.51553,17301,1489
2017-01-12,629635.8,353.331,9601,1482
2017-01-13,768898.94,431.4809,15674,1486
2017-01-14,1.02105056e+06,572.9801,10682,1524
2017-01-15,1.1757251e+06,659.7784,11548,1523
2017-01-16,824488.7,462.67603,9912,1499
2017-01-17,750836.56,421.34488,12064,1483
2017-01-18,782656.0,439.2009,18723,1488
2017-01-19,606949.75,340.6003,9633,1481
2017-01-20,725703.7,407.24112,14854,1486
2017-01-21,1.0727218e+06,601.9763,10194,1525
2017-01-22,1.1482144e+06,644.3403,11257,1535
2017-01-23,798133.6,447.88644,9356,1493
2017-01-24,721275.75,404.75632,11940,1490
2017-01-25,744342.56,417.70065,18532,1476
2017-01-26,576515.56,323.52164,7562,1472
2017-01-27,722113.94,405.22668,13112,1487
2017-01-28,977850.4,548.7376,8264,1533
2017-01-29,1.075167e+06,603.3485,9260,1526
2017-01-30,698123.75,391.76416,7330,1491
2017-01-31,778222.3,436.71286,10584,1512
2017-02-01,961777.4,539.71796,16375,1504
2017-02-02,748882.75,420.24844,8017,1496
2017-02-03,834667.1,468.38785,13655,1505
2017-02-04,1.1327885e+06,635.6838,8302,1542
2017-02-05,1.1519876e+06,646.4577,9052,1536
2017-02-06,786672.4,441.45474,7734,1492
2017-02-07,739431.2,414.94455,9964,1490
2017-02-08,783605.4,439.73364,19103,1482
2017-02-09,624387.5,350.3858,7213,1494
2017-02-10,752207.25,422.11404,12607,1470
2017-02-11,944924.6,530.26074,7840,1520
2017-02-12,1.0748209e+06,603.15424,8800,1534
2017-02-13,794314.44,445.74323,7527,1504
2017-02-14,642613.2,360.61346,9653,1491
2017-02-15,745780.4,418.5075,17201,1495
2017-02-16,645968.25,362.49622,8104,1490
2017-02-17,758855.7,425.84494,13615,1486
2017-02-18,1.0633949e+06,596.7424,8434,1488
2017-02-19,858897.1,481.98492,9119,1442
2017-02-20,759120.06,425.9933,8008,1480
2017-02-21,717807.7,402.81015,10436,1482
2017-02-22,739388.06,414.92035,16096,1480
2017-02-23,675578.5,379.11252,8374,1470
2017-02-24,816197.5,458.0233,14147,1483
2017-02-25,1.02601125e+06,575.7639,9005,1525
2017-02-26,775709.0,435.30246,9260,1497
2017-02-27,744956.94,418.0454,8398,1490
2017-02-28,949366.8,532.75354,11215,1519
2017-03-01,1.0085217e+06,565.94934,18621,1517
2017-03-02,836225.2,469.26218,9186,1516
2017-03-03,882639.75,495.3085,15308,1504
2017-03-04,1.1257364e+06,631.7264,9661,1531
2017-03-05,1.1969838e+06,671.70807,10362,1540
2017-03-06,790143.25,443.4025,8100,1500
2017-03-07,761866.75,427.53464,10556,1493
2017-03-08,781046.7,438.2978,16073,1489
2017-03-09,653901.2,366.9479,7340,1495
2017-03-10,773855.3,434.26224,13248,1499
2017-03-11,1.00117444e+06,561.8263,7610,1521
2017-03-12,1.1460069e+06,643.1015,8594,1544
2017-03-13,754390.4,423.33914,7142,1494
2017-03-14,700998.06,393.37714,9650,1502
2017-03-15,815621.9,457.70026,15436,1506
2017-03-16,699108.2,392.3166,7569,1504
2017-03-17,812306.75,455.83994,14263,1499
2017-03-18,1.03890656e+06,583.0003,8705,1530
2017-03-19,1.1571406e+06,649.3494,9579,1550
2017-03-20,826428.94,463.76483,8349,1511
2017-03-21,746620.94,418.9792,11112,1500
2017-03-22,767880.8,430.90955,16052,1489
2017-03-23,670848.0,376.45792,6839,1498
2017-03-24,787914.1,442.15158,13150,1488
2017-03-25,1.0381393e+06,582.56976,8520,1536
2017-03-26,1.1015575e+06,618.15796,9434,1540
2017-03-27,784103.25,440.01306,7884,1499
2017-03-28,702943.94,394.4691,10654,1504
2017-03-29,824633.0,462.75702,17151,1500
2017-03-30,637624.3,357.81387,9116,1490
2017-03-31,878750.06,493.12573,14027,1508
2017-04-01,1.463084e+06,821.0348,7450,1504
2017-04-02,1.13865e+06,638.9731,7946,1463
2017-04-03,835191.6,468.68216,6545,1503
2017-04-04,835602.6,468.9128,9316,1504
2017-04-05,846631.3,475.10175,15094,1504
2017-04-06,683059.56,383.31064,6973,1487
2017-04-07,765502.2,429.57474,12478,1487
2017-04-08,988591.5,554.76514,7567,1527
2017-04-09,1.1017136e+06,618.2456,8423,1520
2017-04-10,739392.1,414.92264,6662,1514
2017-04-11,741331.44,416.0109,9681,1503
2017-04-12,791762.3,444.31107,18094,1488
2017-04-13,737029.56,413.59683,10215,1523
2017-04-14,740889.5,415.7629,15812,1532
2017-04-15,898610.2,504.2706,10690,1543
2017-04-16,985493.8,553.02686,11676,1524
2017-04-17,775916.9,435.41913,10152,1511
2017-04-18,717196.3,402.46707,11980,1502
2017-04-19,735733.2,412.86935,19618,1501
2017-04-20,675804.0,379.23904,11231,1536
2017-04-21,795795.9,446.57455,18291,1538
2017-04-22,974952.8,547.1116,12972,1568
2017-04-23,1.1400702e+06,639.7701,14276,1579
2017-04-24,755072.56,423.722,12476,1556
2017-04-25,718996.06,403.47702,14844,1549
2017-04-26,781159.3,438.361,21140,1541
2017-04-27,624910.0,350.67902,12602,1538
2017-04-28,797636.6,447.60754,18991,1543
2017-04-29,1.0682799e+06,599.48364,13643,1568
2017-04-30,1.04124925e+06,584.31494,14204,1583
2017-05-01,1.3066994e+06,733.27686,12733,1587
2017-05-02,907324.1,509.16055,14155,1544
2017-05-03,924247.25,518.6573,21181,1546
2017-05-04,716654.6,402.1631,10040,1543
2017-05-05,780798.4,438.15845,15908,1543
2017-05-06,1.0394179e+06,583.28723,10346,1588
2017-05-07,1.2273806e+06,688.7658,11503,1583
2017-05-08,776307.5,435.63834,9552,1553
2017-05-09,715811.2,401.6898,12040,1559
2017-05-10,766101.9,429.91125,20292,1531
2017-05-11,648650.44,364.00137,11109,1536
2017-05-12,764812.44,429.18768,16721,1532
2017-05-13,1.1169769e+06,626.8108,12225,1581
2017-05-14,884199.94,496.18402,12682,1556
2017-05-15,823035.56,461.8606,11265,1563
2017-05-16,807803.9,453.31305,13685,1554
2017-05-17,841407.6,472.17038,18617,1542
2017-05-18,628488.0,352.68686,10594,1533
2017-05-19,773775.44,434.2174,15706,1527
2017-05-20,1.0356674e+06,581.1826,10841,1565
2017-05-21,1.2019389e+06,674.4887,12033,1577
2017-05-22,778935.1,437.11285,10039,1542
2017-05-23,723151.75,405.80905,12292,1543
2017-05-24,746303.6,418.80115,20850,1521
2017-05-25,620108.25,347.98444,9527,1527
2017-05-26,984511.1,552.4754,16458,1566
2017-05-27,932219.9,523.1312,10604,1556
2017-05-28,1.0617716e+06,595.8314,11854,1563
2017-05-29,776813.1,435.92206,10056,1524
2017-05-30,742471.25,416.65054,12281,1517
2017-05-31,858062.1,481.51636,17457,1531
2017-06-01,766859.2,430.33624,3498,1528
2017-06-02,918421.3,515.38794,13480,1530
2017-06-03,1.1761381e+06,660.0102,9337,1559
2017-06-04,1.3765115e+06,772.4531,10512,1569
2017-06-05,912693.9,512.1739,8750,1534
2017-06-06,805546.6,452.04636,11319,1514
2017-06-07,842979.8,473.05264,17369,1526
2017-06-08,667099.8,374.35455,10621,1513
2017-06-09,795116.1,446.1931,15713,1516
2017-06-10,993732.7,557.6502,11792,1541
2017-06-11,1.213674e+06,681.0741,13187,1557
2017-06-12,768349.75,431.1727,10854,1539
2017-06-13,729412.94,409.32263,13186,1523
2017-06-14,785885.94,441.01343,20019,1513
2017-06-15,660338.4,370.56024,10081,1524
2017-06-16,834786.44,468.4548,15820,1521
2017-06-17,1.0961335e+06,615.1142,11567,1566
2017-06-18,965144.1,541.60724,12259,1548
2017-06-19,791146.4,443.96542,10399,1520
2017-06-20,787326.7,441.82193,13072,1528
2017-06-21,766159.0,429.94333,21009,1531
2017-06-22,609868.8,342.2384,11621,1504
2017-06-23,761049.75,427.07617,17672,1515
2017-06-24,963268.25,540.55457,12262,1544
2017-06-25,1.0926109e+06,613.1374,13371,1553
2017-06-26,755367.8,423.88766,10857,1511
2017-06-27,682218.44,382.83862,13169,1505
2017-06-28,731897.0,410.7166,20138,1508
2017-06-29,630811.8,353.9909,13403,1502
2017-06-30,802273.1,450.20938,18245,1517
2017-07-01,1.2075299e+06,677.6262,13017,1562
2017-07-02,1.2963792e+06,727.48553,13882,1576
2017-07-03,925143.4,519.16016,12329,1533
2017-07-04,832359.3,467.09277,14888,1544
2017-07-05,844301.6,473.7944,23049,1514
2017-07-06,700272.0,392.9697,13192,1512
2017-07-07,805792.3,452.18423,18485,1497
2017-07-08,998347.2,560.23975,13428,1547
2017-07-09,1.1008334e+06,617.7516,14273,1565
2017-07-10,804158.9,451.2676,12239,1513
2017-07-11,730534.75,409.95215,14429,1521
2017-07-12,748800.0,420.20203,20226,1518
2017-07-13,629651.4,353.33972,10199,1501
2017-07-14,765489.6,429.5677,16059,1513
2017-07-15,969077.1,543.81433,11079,1537
2017-07-16,1.1008038e+06,617.735,11720,1551
2017-07-17,818325.5,459.21744,10056,1531
2017-07-18,730133.7,409.7271,12065,1507
2017-07-19,767978.75,430.9645,18201,1491
2017-07-20,688288.06,386.2447,10708,1506
2017-07-21,782418.3,439.0675,15340,1501
2017-07-22,932902.06,523.51404,10070,1534
2017-07-23,1.02428875e+06,574.7973,10870,1544
2017-07-24,816564.3,458.22913,9448,1527
2017-07-25,713581.6,400.43863,11325,1513
2017-07-26,740653.06,415.63022,18725,1496
2017-07-27,659849.8,370.2861,8001,1505
2017-07-28,835099.7,468.63058,13850,1505
2017-07-29,1.0323109e+06,579.299,9099,1521
2017-07-30,1.1237525e+06,630.6131,10227,1541
2017-07-31,885856.8,497.1138,8649,1529
2017-08-01,988527.75,554.7294,10150,1525
2017-08-02,964712.0,541.36475,16524,1519
2017-08-03,728068.5,408.56818,7859,1510
2017-08-04,827775.7,464.5206,14193,1507
2017-08-05,965693.6,541.9156,8684,1534
2017-08-06,1.0495591e+06,588.9782,9565,1544
2017-08-07,797464.94,447.5112,8209,1510
2017-08-08,717766.4,402.78696,10638,1523
2017-08-09,734139.7,411.97513,16117,1517
2017-08-10,651386.94,365.537,7917,1501
2017-08-11,826373.75,463.73386,14179,1533
2017-08-12,792630.56,444.7983,8312,1533
2017-08-13,865639.7,485.76862,9283,1537
2017-08-14,760922.44,427.00473,8043,1513
2017-08-15,762661.94,427.9809,10605,1521
